<?xml version="1.0" encoding="UTF-8" standalone="yes"?>
<addon id="plugin.video.VxvulgoPlay" name="[B][COLOR white]Vxvulgo Play[/COLOR][/B]" version="1.0.1" provider-name="[B][COLOR white]Vxvulgo Play[/COLOR][/B]">
<requires>
<import addon="script.module.six"/>
<import addon="script.module.kodi-six"/>
<import addon="script.module.requests"/>
<import addon="script.module.simplejson"/>
<import addon="inputstream.ffmpegdirect" optional="true"/>
<import addon="script.module.inputstreamhelper" optional="true"/>
</requires>
<extension point="xbmc.python.pluginsource" library="default.py">
<provides>video</provides>
</extension>
<extension point="xbmc.addon.repository" name="[B][COLOR white]Vxvulgo Play [COLOR blue]Repo[/COLOR][/COLOR][/B]">
<dir minversion="16.0.0" maxversion="18.9.0">
<info compressed="false">https://vxvulgooficial.github.io/vxvulgoplay/addons/repo/addons.xml</info>
<checksum>https://vxvulgooficial.github.io/vxvulgoplay/addons/repo/addons.xml.md5</checksum>
<datadir zip="true">https://vxvulgooficial.github.io/vxvulgoplay/addons/repo/Plugins/</datadir>
<hashes>false</hashes>
</dir>
<dir minversion="18.9.1">
<info compressed="false">https://vxvulgooficial.github.io/vxvulgoplay/addons/repo/addons_matrix.xml</info>
<checksum>https://vxvulgooficial.github.io/vxvulgoplay/addons/repo/addons_matrix.xml.md5</checksum>
<datadir zip="true">https://vxvulgooficial.github.io/vxvulgoplay/addons/repo/Plugins/</datadir>
<hashes>false</hashes>
</dir>
</extension>
<extension point="xbmc.addon.metadata">
<summary>[B][COLOR white]TV, Filmes, Séries, Desenhos e Animes.[/COLOR]</summary>
<description>[B][COLOR blue]●[/COLOR] [COLOR white]Vxvulgo Play é apenas um AGREGADOR de links e, assim como o Google.com, apenas agrega e organiza os links externos. Não somos responsáveis pelos arquivos aqui encontrados.[/COLOR][/B][CR][B][COLOR firebrick]●[/COLOR] [COLOR white]Proibido a venda dos add-ons do Vxvulgo Play.[/COLOR][/B][CR][B][COLOR firebrick]●[/COLOR] [COLOR white]Não vendemos IPTV, caso ache sites ou mesmo apps é falso.[/COLOR][/B]</description>
<disclaimer>[B][COLOR white]OBRIGADO POR USAR NOSSO ADD-ON [COLOR gold]S2[/COLOR][/COLOR][/B]</disclaimer>
<news>[B][COLOR gold]v1.0.1 - KODI 16 >[/COLOR][/B]</news>
<platform>all</platform>
<reuselanguageinvoker>true</reuselanguageinvoker>
<assets>
<icon>icon.png</icon>
<fanart>fanart.jpg</fanart>
<screenshot>resources/screenshots/home.jpg</screenshot>
<screenshot>resources/screenshots/movies.jpg</screenshot>
<screenshot>resources/screenshots/series.jpg</screenshot>
</assets>
</extension>
</addon>