﻿<?xml version="1.5" encoding="UTF-8" standalone="yes"?>
<addon id="repository.VxvulgoPlay" name="[B][COLOR white]VXVULGO PLAY [COLOR blue]Repo[/COLOR][/COLOR][/B]" version="1.5" provider-name="VXVULGO PLAY">
<requires>
<import addon="xbmc.addon" version="12.0.0"/>
</requires>
<extension point="xbmc.addon.repository" name="VXVULGO PLAY Repository">
<dir minversion="16.0.0" maxversion="18.9.0">
<info compressed="false">https://vxvulgooficial.github.io/vxvulgoplay/addons/repo/addons.xml</info>
<checksum>https://vxvulgooficial.github.io/vxvulgoplay/addons/repo/addons.xml.md5</checksum>
<datadir zip="true">https://vxvulgooficial.github.io/vxvulgoplay/addons/repo/Plugins/</datadir>
<hashes>false</hashes>
</dir>
<dir minversion="18.9.1">
<info compressed="false">https://vxvulgooficial.github.io/vxvulgoplay/addons/repo/addons_matrix.xml</info>
<checksum>https://vxvulgooficial.github.io/vxvulgoplay/addons/repo/addons_matrix.xml.md5</checksum>
<datadir zip="true">https://vxvulgooficial.github.io/vxvulgoplay/addons/repo/Plugins/</datadir>
<hashes>false</hashes>
</dir>
</extension>
<extension point="xbmc.addon.metadata">
<summary lang="pt_br"></summary>
<description lang="pt_br"></description>
<platform>all</platform>
<assets>
<icon>icon.png</icon>
<fanart>fanart.jpg</fanart>
<screenshot>resources/home.jpg</screenshot>
<screenshot>resources/movies.jpg</screenshot>
<screenshot>resources/series.jpg</screenshot>
</assets>
<news>
[COLOR blue]●[/COLOR] v1.0 - ADD RESOLVEURL.
[COLOR blue]●[/COLOR] v1.4 - KODI 19 MATRIX.
[COLOR blue]●[/COLOR] v1.3 - CORREÇÕES DE BUGS.
[COLOR blue]●[/COLOR] v1.2 - UPDATES CORRIGIDOS.
[COLOR blue]●[/COLOR] v1.1 - PEQUENAS CORREÇÕES.
[COLOR blue]●[/COLOR] v1.0 - VERSÃO INICIAL.
</news>
<summary>Repositório VXVULGO PLAY</summary>
<description>
[B][COLOR blue]●[/COLOR] [COLOR white]Repositório oficial do VXVULGO PLAY - 2025[/COLOR][/B]
[B][COLOR firebrick]●[/COLOR] [COLOR white]Proibido a venda dos add-ons do VXVULGO PLAY.[/COLOR][/B]
[B][COLOR firebrick]●[/COLOR] [COLOR white]Não vendemos IPTV, caso ache sites ou mesmo apps é falso.[/COLOR][/B]
</description>
<disclaimer>[B][COLOR white]VXVULGO PLAY é apenas um AGREGADOR de links e, assim como o Google.com, apenas agrega e organiza os links externos. Não somos responsáveis pelos arquivos aqui encontrados.[/COLOR][/B]</disclaimer>
</extension>
</addon>